,who,what,where,when,why,how,text
0,South Korea,,,,,,"South Korea pardons ex-president Park Geun-hye 

"
1,UK,,,,,,"UK to phase out Russian oil imports by end of this year, minister says, as part of its response to invasion of Ukraine

"
2,One million refugees,,,,,,"One million refugees have now fled Ukraine to neighbouring countries, the UN says, as Russian invasion continues"
3,UK,,,,,,"UK announces sanctions on Russian oligarchs Alisher Usmanov and Igor Shuvalov following Russias invasion of Ukraine

"
4,Russia,,,,,,"Russia kicked out of 2022 Eurovision Song Contest by the European Broadcasting Union following Ukraine invasion

"
5,Woman,,,,,,"Woman in her 30s dies in London after tree falls on car, as Storm Eunice lashes UK

"
6,Russia,,,,,,Russia says some of its troops are being pulled out from Ukraine border
7,UK economy,,,,,,UK economy grew by 7.5 Percent last year despite Omicron causing slowdown
8,Indian singing icon Lata Mangeshkar,,,,,,"Indian singing icon Lata Mangeshkar, the  Nightingale of Bollywood , dies at 92"
9,Nine - year - old boy,,,,,,Nine-year-old boy dies and a man is in hospital after tree falls on them in Staffordshire during Storm Malik
10,the UK government,,,,,,"Covid tests for fully vaccinated travellers arriving in England to be scrapped from 4am on 11 February, the UK government confirms

"
11,bombastic rock operas,,,,,,"Obituary: Meat Loaf, the singer whose bombastic rock operas catapulted him to the status of musical icon"
12,UK,,,,,,"UK cost of living rises by 5.4 Percent in the 12 months to December, its fastest pace for 30 years"
13,Tsunami,,,,,,Tsunami hits Tonga after giant underwater volcano eruption sends shockwaves across South Pacific
14,Novak Djokovic ’s,,,,,,Novak Djokovic’s appeal over his deportation from Australia adjourned until Monday
15,Travellers,,,,,,"Travellers to England will not need pre-departure Covid test and will only need a lateral flow test within two days of arriving, PM Boris Johnson says

"
16,North Korea,,,,,,"North Korea launches unidentified projectile into sea

"
17,Jonathan Van - Tam,,,,,,"Chris Whitty, Jonathan Van-Tam and Tony Blair are knighted, Joanna Lumley is made a dame, and Spice Girl Mel B gets an"
18,UK Chancellor Rishi Sunak,,,,,,UK Chancellor Rishi Sunak announces £1bn fund for hospitality firms hit by Covid
19,UK Prime Minister Boris Johnson reserves possibility,,,,,,"UK Prime Minister Boris Johnson  reserves possibility  of further Covid measures in England, but says there are  still some things we need to be clearer about  

"
20,Tennis player Emma Raducanu,,,,,,Tennis player Emma Raducanu named BBC Sports Personality of the Year 2021
21,UK government,,,,,,"UK government says all 11 countries will be removed from its travel red list from 4am on Wednesday

"
22,government,,,,,,"Travellers heading to UK will now have to have Covid test before their departure in effort to limit spread of virus, government says"
23,Giant ash cloud,,,,,,Giant ash cloud sends people sprinting for cover after volcano erupts in Indonesia
24,Womens Tennis Association,,,,,,Womens Tennis Association announces immediate suspension of all tournaments in China over concern for Chinese tennis player Peng Shuai
25,Six cases,,,,,,Six cases of Omicron coronavirus variant identified in Scotland
26,face mask rules,,,,,,"Anyone entering UK must take a PCR test, face mask rules are to be tightened and booster jabs policy overhauled, Prime Minister Boris Johnson announces 
"
27,All over-40s,,,,,,"All over-40s should be offered Covid vaccine booster jabs, UK government vaccine advisors say"
28,Prince Charles,,,,,,"Prince Charles lays a wreath on behalf of the Queen at the Cenotaph in London as part of Remembrance Sunday commemorations 

"
29,The Queen,,,,,,"The Queen will not attend the Remembrance Sunday service at the Cenotaph in London because she has sprained her back

"
30,Britney Spears,,,,,,Britney Spears released from conservatorship that controlled parts of her life after 13 years
31,analysis,,,,,,"World on course to heat by 2.4C despite pledges made at COP26 climate summit, analysis suggests

"
32,Frontline NHS staff,,,,,,"Frontline NHS staff in England will have to be fully vaccinated against Covid, the BBC has been told, with workers given until spring to have both jabs"
33,their behaviour,,,,,,"Conservative Owen Patersons suspension put on hold as UK MPs vote to review the way their behaviour is policed

"
34,Indian Prime Minister Narendra Modi,,,,,,"Indian Prime Minister Narendra Modi pledges his country will target net zero carbon emissions by 2070, two decades later than COP26 climate conference target

"
35,The Queen,,,,,,"The Queen advised by doctors to rest for two further weeks and will not undertake official visits during this time, Buckingham Palace says"
36,Chancellor Rishi Sunak,,,,,,"UK economy to return to pre-Covid levels by end of 2021, Chancellor Rishi Sunak announces in Budget speech"
37,The Queen,,,,,,"The Queen will not go to next weeks COP26 climate change summit in Glasgow to meet world leaders, after being advised to rest, Buckingham Palace says

"
38,Former Rangers and Scotland manager Walter Smith,,,,,,"Former Rangers, Everton and Scotland manager Walter Smith dies at age 73"
39,UK National,,,,,,"UK National Living Wage set to be raised to £9.50 an hour, from £8.91 an hour, in Wednesdays budget"
40,US,,,,,,US announces it will reopen its borders to fully vaccinated travellers from 8 November
41,Dubai ruler Sheikh Mohammed Al - Maktoum,,,,,,"Dubai ruler Sheikh Mohammed Al-Maktoum ordered the hacking of mobile phones during his divorce custody case with Princess Haya, UK court says 

"
42,Japan ’s,,,,,,"After years of controversy, Japan’s Princess Mako will marry her former classmate, a commoner, this month and give up her royal status

"
43,"5,500 poultry workers",,,,,,"5,000 overseas lorry drivers and 5,500 poultry workers will be eligible for three-month UK visas until Christmas Eve"
44,Trudeau,,,,,,"Two Canadians detained in China since 2018 are flying home, Trudeau says, after a US deal freed a Huawei executive"
45,North Korea,,,,,,"North Korea fires two ballistic missiles, South Korea says

"
46,Taliban,,,,,,"Taliban announce government for Afghanistan, led by one of their founders, with an FBI-wanted militant as interior
minister"
47,Russian state - backed news channel RTs licence,,,,,,"Russian state-backed news channel RTs licence to broadcast in UK revoked  with immediate effect , regulator Ofcom says
 
"
48,Shane Warne,,,,,,"Legendary Australian leg-spinner Shane Warne, one of the greatest cricketers of all time, dies of suspected heart attack aged 52"
49,Vladimir Putin,,,,,,"Vladimir Putin insists Ukraine invasion  going to plan  as humanitarian crisis grows in cities under Russian bombardment 

"
50,hundreds,,,,,,"Russia bombs theatre in Ukrainian city of Mariupol where hundreds of civilians were sheltering, deputy mayor says"
51,Londons Metropolitan Police,,,,,,"Londons Metropolitan Police breached the rights of organisers of planned vigil for Sarah Everard, judges rule

"
52,Will Smith,,,,,,"Will Smith was asked to leave Oscars ceremony after hitting Chris Rock but refused, Academy says"
53,Nothing,,,,,,"Nothing very promising  in peace talks with Ukraine so far, Russian President Putins spokesman says

Follow live updates here"
54,My behaviour,,,,,,My behaviour was unacceptable and inexcusable  - Will Smith apologises after slapping Chris Rock at the Oscars
55,it,,,,,,The Oscars film academy  condemns  Will Smiths slapping of Chris Rock and says it has launched formal review of incident
56,Roman Abramovich,,,,,,"Russian billionaire Roman Abramovich suffered symptoms of suspected poisoning at peace talks in Kyiv earlier this month, spokesperson says"
57,they,,,,,,"More than 200 babies in England might have survived if they had been given better maternity care by NHS Trust, BBC learns"
58,Russia,,,,,,"Russia says it will  drastically reduce  assault on Ukraines capital Kyiv, where its advance is stalled"
59,Police,,,,,,"Police recommend 20 fines should initially be issued over Downing Street parties that breached Covid lockdown rules

"
60,US gas deal,,,,,,EU signs US gas deal to curb reliance on Russian energy
61,Taylor Hawkins,,,,,,"Drummer with US rock group Foo Fighters, Taylor Hawkins, dies aged 50, band announces"
62,The Wanted star Tom Parker,,,,,,"The Wanted star Tom Parker dies aged 33 after being diagnosed with terminal brain cancer
"
63,I,,,,,,The list of those I have hurt is long : Actor Will Smith resigns from Oscars Academy after slapping Chris Rock
64,Tory MP David Warburton,,,,,,Tory MP David Warburton suspended from the parliamentary party pending investigation into allegations about conduct
65,This,,,,,,"This is a very tragic situation : At least six people dead after automatic gunfire in busy nightlife area of Sacramento in California

"
66,Shell,,,,,,Shell to shut all petrol stations in Russia and will stop all spot purchases of oil from the country
67,reports,,,,,,"Second attempt to evacuate people trapped in besieged Ukrainian city of Mariupol failed, as reports say ceasefire broken again

"
68,McDonald ’s,,,,,,"McDonald’s will temporarily close all its restaurants in Russia, saying it  cannot ignore the needless human suffering unfolding in Ukraine 

"
69,Two million people,,,,,,"Two million people have now fled Ukraine into neighbouring countries, UN tells BBC

 Live updates here"
70,Russian strikes,,,,,,"Russian strikes hit maternity and childrens hospital in Ukrainian city of Mariupol, officials say"
71,US hospital,,,,,,"Man given genetically modified pig heart in world-first surgery dies two months after operation, US hospital says"
72,US,,,,,,US bans Russian oil imports as part of international moves against energy sector to punish Moscow for invading Ukraine
73,Twitters board,,,,,,"Twitters board agrees to $44bn takeover by Elon Musk, who has promised to  unlock  the social media giants potential"
74,EU,,,,,,"EU unveils plan to ban all Russian oil imports in major new sanctions package over Moscows war in Ukraine

Follow latest here"
75,Ketanji Brown Jackson,,,,,,"Ketanji Brown Jackson to become first black female justice in the 233-year history of US Supreme Court after Senate confirmation 

"
76,Russia,,,,,,Russia suspended from UN Human Rights Council
77,MI5 agent,,,,,,"MI5 agent alleged to have exploited his status to abuse a partner cannot be named by the BBC, High Court rules"
78,Scientists,,,,,,Scientists may have found the first fossil remains of a dinosaur that died on the very day a huge asteroid collided with the Earth
79,Ed Sheeran,,,,,,Ed Sheeran wins High Court copyright battle over 2017 hit Shape of You
80,Elon Musk,,,,,,Tesla boss Elon Musk buys 9.2 Percent stake in Twitter worth almost $3bn
81,She,,,,,,"She held on as Hong Kongs leader through mass protests. Now, Carrie Lam says she wont seek a second term in power"
82,leaders,,,,,,"Its time to stop burning our planet and start investing in the abundant renewable energy 

UN Secretary General Antonio Guterres says  leaders must lead  but also urges people to  demand that renewable energy is introduced now at speed and at scale 
"
83,UN,,,,,,"UN says its  now or never  to avoid disastrous climate change - but we can do it if we make drastic changes to how we live

"
84,Obituary,,,,,,Obituary: Legendary EastEnders actress June Brown
85,June Brown,,,,,,"June Brown, who played Dot Cotton on BBC soap EastEnders for more than 30 years, dies aged 95"
86,evidence,,,,,,"BBC witnesses more evidence of atrocities against civilians near Kyiv, as Ukraine accuses Russia of genocide"
87,Moskva,,,,,,"Russian warship Moskva has sunk, state media says, a day after it was reported damaged by fire or a Ukrainian missile strike
"
88,Blood money,,,,,,"Blood money being paid for Russian oil, Ukraines President Zelensky tells BBC

"
89,Boris Johnson,,,,,,"Some UK asylum seekers to be sent 4,000 miles away to Rwanda and military to take control of patrolling Channel, PM Boris Johnson announces
"
90,Police,,,,,,Police arrest man suspected of shooting 10 commuters in rush hour attack at New York City subway station
91,Ali Harbi Ali,,,,,,IS fanatic Ali Harbi Ali given whole-life jail sentence for murdering UK MP Sir David Amess
92,UK Prime Minister Boris Johnson and Chancellor Rishi Sunak,,,,,,UK Prime Minister Boris Johnson and Chancellor Rishi Sunak will be fined over Downing Street lockdown parties
93,DJ Tim Westwood,,,,,,"DJ Tim Westwood steps down from Capital Xtra show following sexual misconduct claims
"
94,Emmanuel Macron,,,,,,"Emmanuel Macron set for clear victory in France’s presidential election, beating far right candidate Marine Le Pen, projections show"
95,Government policies,,,,,,"Government policies of discharging patients from hospital to care homes in England at start of pandemic were  unlawful , High Court judges rule"
96,Neil Parish,,,,,,"Neil Parish says hes resigning as an MP after admitting he watched pornography twice in the House of Commons 

"
97,BBC,,,,,,"Conservative MP Neil Parish, who is being investigated for allegedly watching pornography in the House of Commons, expected to resign - BBC told

"
98,militant Alexanda Kotey,,,,,,British-born Islamic State militant Alexanda Kotey sentenced to life over murders of American hostages in Syria
99,Former Wimbledon champion Boris Becker,,,,,,"Former Wimbledon champion Boris Becker jailed for two and half years for hiding assets to avoid paying debts

"
100,Conservative MP Neil Parish,,,,,,"Conservative MP Neil Parish investigated for allegedly watching pornography in the House of Commons

"
101,US President Biden,,,,,,"US President Biden proposes record $33bn aid package to help Ukraine, hours after Russia warns West against sending more weapons 

"
102,Man,,,,,,"Man charged with murders of four family members stabbed to death in south-east London
"
103,UN,,,,,,"Evacuation of civilians trapped in a steel plant in the Ukrainian city of Mariupol is underway, UN says

Follow the latest"
104,Foreign Office,,,,,,"British national killed in Ukraine and second is missing, Foreign Office says

"
105,Ex-Radio 1 DJ Tim Westwood,,,,,,"Ex-Radio 1 DJ Tim Westwood accused of sexual misconduct by multiple women, in joint investigation by BBC and Guardian
 
"
106,Will Smith,,,,,,"Will Smith banned from Oscars gala and other Academy events for 10 years after slapping comic Chris Rock at the Oscars

"
107,UK Chancellor Rishi Sunaks wife Akshata Murty,,,,,,"UK Chancellor Rishi Sunaks wife Akshata Murty announces she will pay UK taxes on her overseas income, following a row over her non-dom status
"
108,Russian President Vladimir Putins daughters,,,,,,"Russian President Vladimir Putins daughters targeted by new UK sanctions

"
109,Man,,,,,,Man jailed for life with minimum term of 36 years for murder of London primary school teacher Sabina Nessa
110,Dozens,,,,,,Dozens feared dead and more than 100 wounded after missile strike on railway station used to evacuate civilians in Ukraine
111,UK Prime Minister Boris Johnson,,,,,,UK Prime Minister Boris Johnson is in Kyiv for talks with Ukraines President Zelensky
112,New York police name,,,,,,"New York police name Frank James, 62, as person of interest in subway shooting that injured more than 20"
113,Multiple people,,,,,,"Multiple people injured in subway shooting in Brooklyn, New York"
114,UK police issue,,,,,,"UK police issue at least 30 more Downing Street lockdown fines

"
115,UK MP Imran Ahmad Khan,,,,,,UK MP Imran Ahmad Khan guilty of sexually assaulting 15-year-old boy at party in 2008
116,Man,,,,,,"Man found guilty of murdering UK MP Sir David Amess, who was stabbed more than 20 times during constituency surgery"
117,Russia,,,,,,Russia bans UK Prime Minister Boris Johnson and other senior ministers from entering Russia over the UKs  hostile  stance on the war in Ukraine
118,Report,,,,,,"Report into fatal shooting by actor Alec Baldwin finds production company showed  plain indifference  to employee safety

"
119,Police,,,,,,"Police say they have spoken to First Minister Nicola Sturgeon after she was filmed apparently breaching Scotlands face mask rules and no further action necessary
 
"
120,officials,,,,,,"Seven people killed in missile strikes in western Ukrainian city of Lviv, officials say, in a marked escalation in attacks

"
121,Mother,,,,,,"Mother, stepdad and teenage boy guilty of murdering five-year-old Logan Mwangi"
122,James Watson,,,,,,James Watson found guilty of murdering six-year-old Rikki Neave 28 years ago
123,Russian President Vladimir Putin,,,,,,"Russian President Vladimir Putin abandons plan to storm last Mariupol hold-out

"
124,A woman,,,,,,"A woman who has given more than £2m to the Conservative Party was listed as a director of a company secretly owned by a sanctioned Russian oligarch, documents seen by the BBC indicate"
125,UK MPs,,,,,,UK MPs approve inquiry into whether Prime Minister Boris Johnson misled Parliament over parties held during Covid lockdown
126,Intense fighting,,,,,,"Intense fighting north west of Kyiv as reports suggest bulk of Russian forces just 25km from the Ukrainian capital

Follow live updates"
127,Three people,,,,,,"Three people, including one child, killed in maternity hospital bombing in Mariupol, says Ukraine official"
128,At least 35 people,,,,,,"At least 35 people killed and 134 injured in Russian missile attack on military training base in western Ukraine, Lviv regional governor says

Follow live updates"
129,Chinese state media,,,,,,"A China Eastern Airlines Boeing 737 plane carrying 133 people on board crashed in Guangxi province, Chinese state media is reporting

"
130,Russian billionaire and ex-Arsenal shareholder Alisher Usmanov,,,,,,Russian billionaire and ex-Arsenal shareholder Alisher Usmanov says he ditched UK mansions before sanctions came into force
131,watchdog,,,,,,"London Metropolitan Polices approach to tackling corruption within its ranks is  fundamentally flawed , watchdog finds"
132,North Korea,,,,,,"North Korea tests banned intercontinental missile for first time since 2017, according to South Korea"
133,Madeleine Albright,,,,,,"Madeleine Albright, first woman to become US secretary of state, dies aged 84"
134,Gas incident,,,,,,"Gas incident closes London Aquatics Centre

"
135,UK prices,,,,,,"UK prices rose by 6.2 Percent in the 12 months to February - the fastest for 30 years - as fuel, energy and food costs surged

"
136,World number one Ashleigh Barty,,,,,,World number one Ashleigh Barty has announced her retirement from tennis to  chase other dreams  – aged just 25
137,Nazanin Zaghari - Ratcliffe,,,,,,British-Iranian nationals Nazanin Zaghari-Ratcliffe and Anoosheh Ashoori back in UK after years of Iranian detention
138,US President Joe Biden,,,,,,"US President Joe Biden calls Russias Vladimir Putin a  war criminal , something the Kremlin says is  unforgivable rhetoric"
139,British - Iranian Nazanin,,,,,,"British-Iranian Nazanin Zaghari-Ratcliffe is on her way home to UK after nearly six years in detention in Iran, says MP

"
140,Rachael Blackmore,,,,,,"Rachael Blackmore makes history and becomes first female jockey to win Cheltenham Gold Cup

"
141,Wayne Couzens,,,,,,"Wayne Couzens, the police officer who killed Sarah Everard, charged with four counts of indecent exposure that predate her murder

"
142,Chelsea FC owner Roman Abramovich,,,,,,"Chelsea FC owner Roman Abramovich says he is selling the club with  net proceeds  to go to charitable foundation to help victims of war in Ukraine

"
143,Russian missile strike,,,,,,"Russian missile strike hits TV tower in Ukrainian capital Kyiv, killing five people, emergency services say"
144,Fifa and Uefa,,,,,,"Fifa and Uefa ban all Russian football clubs and national teams from all competitions

"
145,19.75 Percent stake,,,,,,BP to offload 19.75 Percent stake in Russian state-owned oil firm Rosneft after Russias  act of aggression in Ukraine
146,EU,,,,,,"EU to provide weapons to Ukraine, close its airspace to Russian flights and ban two Russian state media outlets

Follow live updates"
147,Russian troops,,,,,,"Ukraine forces battle Russian troops on streets of second-largest city, Kharkiv, officials say. Follow live updates"
148,"EU , US and allies",,,,,,"EU, US and allies agree to cut off a number of Russian banks from main international payment system Swift"
149,owner Roman Abramovich,,,,,,Chelseas Russian owner Roman Abramovich to hand over  stewardship and care  of club to its charitable foundation
150,Poland,,,,,,Poland refuses to play next months 2022 World Cup qualifier against Russia over Ukraine invasion
151,British Airways,,,,,,British Airways cancels all short-haul flights from Heathrow Airport until midday amid ongoing technical issues
152,UK,,,,,,"UK to introduce sanctions against Russian President Vladimir Putin and Foreign Minister Sergey Lavrov following invasion of Ukraine 

"
153,Man,,,,,,Man pleads guilty to murdering London primary school teacher Sabina Nessa
154,President Joe Biden,,,,,,"President Joe Biden will nominate first black female judge to the Supreme Court, Judge Ketanji Brown Jackson, US media reports"
155,Champions League final,,,,,,Champions League final moved from Russia to France following invasion of Ukraine
156,President Volodymyr Zelensky,,,,,,"President Volodymyr Zelensky confirms pre-dawn missile strikes, targeting both military and civilian sites in Ukraine

"
157,Russias President Vladimir Putin,,,,,,Russias President Vladimir Putin announces a special military operation in eastern Ukraine in televised speech
158,Russia,,,,,,"Russia could start major war in Europe any day now, Ukraines president warns in late-night speech to nation"
159,State,,,,,,"State of emergency to be declared in Ukraine lasting 30 days, countrys top security official says"
160,Scotlands legal Covid restrictions,,,,,,"Scotlands legal Covid restrictions, including the wearing of face coverings, will end on 21 March 

"
161,UK,,,,,,"UK imposes sanctions on five Russian banks and freezes assets of three wealthy individuals, Prime Minister Boris Johnson announces"
162,Russia,,,,,,"Russia to recognise the independence of two breakaway regions of Ukraine controlled by Russian-backed separatists, in a move likely to escalate fears of an invasion

"
163,Free mass,,,,,,"Free mass lateral flow testing will stop on 1 April, Boris Johnson says 

UK PM also says from 1 April the government will  no longer recommend use of voluntary Covid status certification 

"
164,We,,,,,,"We will remove all remaining domestic restrictions in law 

UK PM Boris Johnson announces end to the legal requirement to self-isolate after positive Covid test 

"
165,Legal requirement,,,,,,"Legal requirement to self-isolate after positive Covid test in England to end on Thursday, UK PM Boris Johnson confirms"
166,Over-75s,,,,,,Over-75s and the most vulnerable over-12s across UK will be offered another Covid booster jab from spring
167,"founder of the SBTV YouTube channel which helped launch Dave , Ed Sheeran and Jessie J",,,,,,"Jamal Edwards, founder of the SBTV YouTube channel which helped launch Dave, Ed Sheeran and Jessie J, has died at 31"
168,The Queen,,,,,,"The Queen has tested positive for Covid and has  mild cold-like symptoms  but expects to carry out light duties this week, says Buckingham Palace"
169,authorities,,,,,,"One of the passengers missing aboard a ferry that caught fire near Greece on Friday is found alive, authorities say"
170,Ukraine,,,,,,"If Ukraine is invaded by Russia the shock will  echo around the world , says UK Prime Minister Boris Johnson"
171,Great Britain,,,,,,Great Britain stripped of silver medal in mens 4x100m relay at Tokyo Olympics after team member CJ Ujah found to have committed doping violation
172,New red weather warning,,,,,,"New red weather warning issued for Storm Eunice, covering London and the south-east of England - follow live updates"
173,Storm Eunice,,,,,,Storm Eunice warning upgraded to red - meaning danger to life from flying debris - for parts of the UK on Friday  
174,Paul Robson,,,,,,"On-the-run sex offender Paul Robson caught in Skegness, England, by police four days after absconding from open prison"
175,Man,,,,,,Man killed in Sydney shark attack named locally as 35-year-old British diving instructor Simon Nellist
176,Children,,,,,,"Children aged between five and 11 in England to be offered low-dose Covid vaccine, UK government says, after similar move in Scotland and Wales

"
177,Prince Charles charity,,,,,,Police to investigate claims that Prince Charles charity offered honours help to Saudi citizen
178,Virginia Giuffre,,,,,,"Prince Andrew and Virginia Giuffre reach out-of-court settlement over civil sex assault claim filed in US  

"
179,Novak Djokovic,,,,,,"Novak Djokovic says he would rather skip future tournaments than be forced to get a Covid jab, in an exclusive BBC interview"
180,Canadian PM,,,,,,Canadian PM invokes Emergencies Act for first time to crack down on anti-vaccine mandate protests
181,A crucial window,,,,,,A crucial window for diplomacy  - Joe Biden and Boris Johnson say during joint call that hope remains for diplomatic solution to Ukraine crisis
182,Canadian police,,,,,,Canadian police move in to clear last protesters occupying key bridge crossing to the US
183,UK PM Boris Johnson,,,,,,"UK PM Boris Johnson has received questionnaire from police as part of inquiry into lockdown parties

"
184,British nationals,,,,,,"British nationals in Ukraine should leave the country now, Foreign Office advises"
185,State,,,,,,"State of emergency declared in Ontario, Canada over trucker protest, as rule breakers threatened with $100,000 fines and jail time

"
186,Home Secretary Priti Patel,,,,,,"Home Secretary Priti Patel has released a statement thanking Dame Cressida Dick for  the nearly four decades that she has devoted to serving the public 

"
187,London mayor Sadiq Khan,,,,,,"London mayor Sadiq Khan says he made clear the scale of change needed  to root out racism, sexism, homophobia, bullying, discrimination and misogyny  in the Met Police

He says he was  not satisfied  with Dame Cressidas response

"
188,BBC,,,,,,"Dame Cressida Dick to step down as head of the Met Police, BBC told"
189,Prince Charles,,,,,,"Prince Charles tests positive for Covid-19 and is self-isolating, Clarence House says"
190,Metropolitan Police,,,,,,Metropolitan Police to review decision not to investigate No 10 quiz after Boris Johnson photo leak
191,Photo,,,,,,Photo published showing UK Prime Minister Boris Johnson standing next to bottle of sparkling wine at what appears to be Christmas event in Downing Street during Covid restrictions 
192,him,,,,,,Animal charity the RSPCA removes West Ham footballer Kurt Zoumas two pet cats after videos of him kicking and slapping one appear on social media
193,they,,,,,,"Law requiring people in England to isolate when they catch Covid could be scrapped a month early, UK Prime Minister Boris Johnson says"
194,Scientists,,,,,,Scientists say they have made major breakthrough in quest to develop practical nuclear fusion
195,Academy Awards nominations,,,,,,"Academy Awards nominations revealed, with Jane Campions The Power of the Dog recognised in 12 Oscar categories"
196,Jacob Rees - Mogg,,,,,,Jacob Rees-Mogg becomes Brexit opportunities minister as UK Prime Minister Boris Johnson begins cabinet reshuffle
197,Bamber Gascoigne,,,,,,"Bamber Gascoigne, the original host of TV quiz show University Challenge, has died, aged 87"
198,The Queen,,,,,,"The Queen announces she wants Camilla, the Duchess of Cornwall, to be known as Queen when Prince Charles becomes King"
199,the kingdom,,,,,,"A little boy whose painstaking rescue from a well gripped Morocco for days has died, the kingdom announced."
200,Five - year - old boy,,,,,,"Five-year-old boy, named locally as Rayan, dies after being rescued from well in Morocco after four days"
201,his condition,,,,,,"Five-year-old boy taken out of deep well in Morocco after four days trapped inside, but his condition is unknown"
202,Boris Johnson names,,,,,,Boris Johnson names new No 10 chief of staff and communications head after resignations over Downing Street parties
203,Second senior aide,,,,,,"Second senior aide to UK PM Boris Johnson, communications director Jack Doyle, resigns, sources tell BBC"
204,Paul Givan,,,,,,"The DUPs Paul Givan resigns, with the deputy first minister also ejected from office"
205,policy chief Munira Mirza,,,,,,"UK PM Boris Johnsons policy chief Munira Mirza quits, condemning his  inappropriate  attack on Keir Starmer over Jimmy Savile"
206,Islamic State terror group leader,,,,,,"Islamic State terror group leader  taken off the battlefield  during US raid in Syria, US President Biden says"
207,Energy bills,,,,,,"Energy bills to rise for millions of people in Britain from April, with average households facing annual increase of £693 

"
208,US,,,,,,"US deploying 3,000 troops to eastern Europe amid tensions over a Russian military build-up near Ukraine"
209,Manchester United footballer Mason Greenwood,,,,,,"Manchester United footballer Mason Greenwood further arrested on suspicion of sexual assault and making threats to kill

"
210,UK PM Boris Johnson,,,,,,"Im sorry for the things we simply didnt get right and also sorry for the way that this matter has been handled 

UK PM Boris Johnson apologises following publication of Sue Grays findings on No 10 lockdown parties, adding  I get it and I will fix it 

"
211,No 10,,,,,,No 10 hosted several lockdown parties and events that  should not have been allowed to take place  - what are the key points of Sue Grays Downing Street report?
212,Sue Gray,,,,,,Sue Gray finds  failures of leadership and judgement  in Downing Street over lockdown gatherings - and some behaviour was  difficult to justify
213,Sue Gray ’s,,,,,,Sue Gray’s initial findings on lockdown parties at Downing Street published by UK government
214,UK Prime Minister Boris Johnson,,,,,,"UK Prime Minister Boris Johnson handed results of Sue Gray report into Downing Street parties, ahead of expected public release today"
215,Boris Johnson,,,,,,"Boris Johnson and Rishi Sunak confirm National Insurance will rise in April, despite pressure to scrap the increase"
216,Sue Gray,,,,,,Sue Gray expected to deliver her report on No 10 parties to the UK PM without waiting for police inquiry to conclude
217,they,,,,,,"Londons Met Police investigating No 10 lockdown parties ask Sue Gray inquiry to make  minimal reference  to events they are investigating

"
218,Obituary,,,,,,"Obituary: Barry Cryer, beloved personality who became one of the most prolific scriptwriters in British comedy"
219,Comedian and writer Barry Cryer,,,,,,"Comedian and writer Barry Cryer, known for his work on British TV and radio, dies aged 86"
220,Liberal US Supreme Court Justice Stephen Breyer,,,,,,"Liberal US Supreme Court Justice Stephen Breyer to retire later this year, reports say"
221,I,,,,,,"I can confirm that the Met is now investigating a number of events that took place at Downing Street and Whitehall in the last two years 

Met Police Commissioner Cressida Dick says force will investigate  potential breaches of Covid-19 regulations 

"
222,Lone gunman police,,,,,,"Lone gunman dead after injuring several people at university in Heidelberg, Germany, police say"
223,her Muslim faith,,,,,,"UK PM orders inquiry into claims by Conservative MP Nusrat Ghani that her Muslim faith was raised as reason why she was sacked as a minister in 2020

"
224,Bat,,,,,,"Meat Loaf, singer whose Bat Out Of Hell album is one of the best-selling of all time, dies aged 74"
225,Ex-pope Benedict,,,,,,"Ex-pope Benedict failed to act over four child abuse cases when he was archbishop of Munich, German probe into Catholic Church finds"
226,Man,,,,,,"Man remanded in custody charged with the murder of teacher Ashling Murphy in the Irish Republic

"
227,mandatory face mask rules,,,,,,Working from home advice to end and mandatory face mask rules to be dropped as England Covid restrictions eased
228,Conservative MP Christian Wakeford,,,,,,"Conservative MP Christian Wakeford moves to opposition party, Labour, as UK PM Boris Johnson prepares to face MPs in Prime Ministers Questions"
229,police,,,,,,"Two teenagers arrested in England as part of investigation into hostage-taking at Texas synagogue released without charge, police say"
230,a man,,,,,,"Irish police investigating death of teacher Ashling Murphy arrest a man in his 30s on suspicion of murder

"
231,Scotlands Covid,,,,,,"Scotlands Covid rules to be further eased from Monday, with nightclubs reopening, large indoor events resuming and social distancing rules dropped

"
232,UK PM Boris Johnson,,,,,,UK PM Boris Johnson  categorically  denies anyone warned him the No 10 drinks party broke lockdown rules
233,All houses,,,,,,"All houses destroyed on an island devastated by deadly tsunami, Tonga government says in first words since volcano erupted"
234,British man,,,,,,"British man, who took hostages at Texas synagogue, had been investigated by MI5 in 2020 but was no longer considered a threat"
235,FBI names man,,,,,,FBI names man killed after taking hostages at Texas synagogue as British citizen Malik Faisal Akram
236,Judges,,,,,,Judges reject tennis star Novak Djokovics last-ditch appeal to remain in Australia
237,Tennis star Novak Djokovic,,,,,,Tennis star Novak Djokovic makes last-ditch court appeal to stay in Australia as deportation looms – follow live
238,UKs former head,,,,,,UKs former head of Cabinet Office Covid taskforce Kate Josephs apologises for having leaving drinks during Covid restrictions
239,Downing Street,,,,,,Downing Street apologises to the Queen for two parties held in Downing Street the night before Prince Philips funeral
240,UK Prime Minister Boris Johnsons former director of communications James Slack,,,,,,"UK Prime Minister Boris Johnsons former director of communications James Slack apologises for  anger and hurt  caused by leaving event at No 10 on night before Prince Philip’s funeral 

"
241,Australia,,,,,,"Australia cancels Novak Djokovics visa again and intends to deport him, with a legal challenge now his only hope of defending Grand Slam"
242,Prince Andrew,,,,,,"Prince Andrew loses military titles and patronages, and will no longer be called HRH"
243,Health Secretary Sajid Javid,,,,,,"Self-isolation period for people who test positive for Covid is being cut to five full days in England, Health Secretary Sajid Javid says

"
244,Syrian man,,,,,,"Syrian man found guilty of crimes against humanity and sentenced to life by German court, in first criminal case brought over state-led torture in Syria

"
245,Sir Jonathan Van - Tam,,,,,,"Sir Jonathan Van-Tam to leave his role as Englands deputy chief medical officer 

"
246,Prince Andrew,,,,,,"Prince Andrew fails in his bid to get US judge to dismiss civil case which alleges he sexually assaulted Virginia Giuffre

"
247,UK Prime Minister Boris Johnson,,,,,,"UK Prime Minister Boris Johnson says he  takes responsibility  as he apologises for attending party in Downing Street garden, during lockdown in May 2020

"
248,Restrictions,,,,,,"Restrictions on large outdoor events in Scotland to be lifted from Monday, allowing football and rugby fans to fully return to matches"
249,Novak Djokovic,,,,,,Novak Djokovic returns to tennis court after winning legal battle in Australia over visa
250,The past seven years,,,,,,"The past seven years have been the hottest on record globally, EU satellite system data shows

"
251,Tennis star Novak Djokovic,,,,,,"Tennis star Novak Djokovic wins court battle to stay in Australia and defend his Grand Slam title, after vaccine exemption row

"
252,At least 19 people,,,,,,"At least 19 people, including nine children, have died in a fire at a New York apartment building, officials say"
253,"More than 150,000 people",,,,,,"More than 150,000 people have now died within 28 days of a positive Covid test in the UK since the pandemic began"
254,Life,,,,,,"Life without parole for two white men who murdered black jogger Ahmaud Arbery as US judge condemns  chilling  killing
"
255,Fourth Covid,,,,,,"Fourth Covid jab not yet needed as booster dose continues to provide high protection against severe disease, say UK advisers"
256,"Labour MP for Birmingham Erdington , Jack Dromey",,,,,,"Shadow minister, and Labour MP for Birmingham Erdington, Jack Dromey has died aged 73

"
257,Sidney Poitier,,,,,,"Remembering Sidney Poitier, the iconic actor and director"
258,Sidney Poitier,,,,,,"Sidney Poitier, the first black man to win a best actor Oscar, has died aged 94"
259,he,,,,,,"Novak Djokovic thanks his family, Serbia and supporters in first message from detention hotel in Australia where he awaits deportation decision"
260,Soldiers,,,,,,"Soldiers can now fire without warning in Kazakhstan, president says, as anti-government demonstrations continue"
261,Donald Trump,,,,,,"Donald Trump  refused to accept will of the American people  and  created a web of lies 

US President Joe Biden blames the former president for the riot at the US Capitol one year ago

"
262,his lawyers,,,,,,"Australia cancels visa of world tennis No.1 Novak Djokovic and intends to deport him on Thursday, with his lawyers expected to appeal"
263,PCR tests,,,,,,PCR tests scrapped for people in England who have a positive lateral flow test but no Covid symptoms from 11 January
264,Sun shield,,,,,,"Sun shield fully deployed on James Webb Space Telescope, a major milestone for the $10bn mission"
265,Ex-Silicon Valley CEO Elizabeth Holmes,,,,,,Ex-Silicon Valley CEO Elizabeth Holmes found guilty of conspiring to defraud investors over blood-testing start-up
266,Jeffrey Epstein,,,,,,Prince Andrew accuser Virginia Giuffres 2009 settlement with sex offender Jeffrey Epstein is made public
267,Golden Girl Betty White,,,,,,"US televisions Golden Girl Betty White, celebrated for her comic acting over eight decades, dies aged 99"
268,Ghislaine Maxwell,,,,,,"Ghislaine Maxwell is convicted of grooming and trafficking teenage girls for abuse by Jeffrey Epstein
 
"
269,UK Health Secretary Sajid Javid,,,,,,"There will be no further Covid restrictions in England before the new year, UK Health Secretary Sajid Javid says, but he urges people to  remain cautious  

"
270,Archbishop Desmond Tutu,,,,,,"Archbishop Desmond Tutu, the Nobel Peace prize laureate who helped end apartheid in South Africa, has died aged 90"
271,The biggest space telescope,,,,,,"The biggest space telescope ever built lifts off into orbit, opening a new era in astronomical exploration

"
272,Former US police officer Kim Potter,,,,,,"Former US police officer Kim Potter found guilty of manslaughter for fatal shooting of black motorist Daunte Wright, after claiming she mistakenly drew her gun instead of Taser"
273,UK Health Security Agency analysis,,,,,,"People catching Omicron are 50 Percent to 70 Percent less likely to need hospital care compared with previous Covid variants, UK Health Security Agency analysis says"
274,UK,,,,,,"UK reports more than 100,000 daily Covid cases for the first time since mass-testing began during the pandemic"
275,Covid vaccine,,,,,,"Covid vaccine should be offered to vulnerable five to 11 year olds in UK, government advisers say"
276,Wales,,,,,,"Wales to introduce new Covid restrictions from 26 December including rule of six in hospitality, cinemas and theatres and table service in pubs and restaurants

"
277,he,,,,,,"No further Covid restrictions for England before Christmas, UK PM Boris Johnson says – but he  can’t rule out any further measures after Christmas"
278,other large events,,,,,,Edinburghs Hogmanay street party and other large events in Scotland cancelled as Covid rules tightened
279,EastEnders star Rose Ayling - Ellis,,,,,,EastEnders star Rose Ayling-Ellis becomes first deaf contestant to win BBC Ones Strictly Come Dancing
280,UK Brexit minister Lord Frost,,,,,,UK Brexit minister Lord Frost has reportedly resigned from the government over its  political direction
281,Netherlands,,,,,,Netherlands to enter into tight lockdown from Sunday to control spread of Omicron variant
282,UKs top civil servant Simon Case,,,,,,"UKs top civil servant Simon Case will no longer lead inquiry into lockdown parties in Downing Street, after it emerged an event was held in his own office

"
283,27 - year - old woman,,,,,,27-year-old woman arrested on suspicion of child neglect after two sets of young twins killed in south London house fire
284,Liberal Democrats,,,,,,Liberal Democrats overcome huge Conservative majority to win North Shropshire by-election
285,Four children,,,,,,"Four children die in house fire in Sutton, London fire commissioner says"
286,Nightclubs,,,,,,"Nightclubs will close in Wales after Boxing Day and social distancing will be required in offices to limit Omicron variant, Welsh government announces"
287,Bank,,,,,,"Bank of England raises interest rates for first time in more than three years, in response to surging inflation"
288,Queen,,,,,,"Queen cancels pre-Christmas family lunch, with sources suggesting it could have put too many peoples Christmas arrangements at risk"
289,Two children,,,,,,"Two children have died and others critically injured after falling from a bouncy castle that was blown into the air in Australia 

"
290,UK,,,,,,"UK reports its highest number of daily coronavirus cases since pandemic began, with 78,610 people testing positive

"
291,Woman,,,,,,"Woman jailed for minimum of 25 years for murdering partners 16-month-old daughter Star Hobson after causing  catastrophic  injuries 

"
292,he,,,,,,"Double murderer David Fuller who sexually abused more than 100 female corpses in two morgues in Kent told he will spend the rest of his life in jail

"
293,US Covid deaths,,,,,,"US Covid deaths pass 800,000, more recorded than any other country, amid concerns about the spread of Omicron as winter looms"
294,Covid,,,,,,"Covid passes for large venues like nightclubs in England win backing of MPs by 369 votes to 126, despite Conservative rebellion"
295,Belarusian opposition leader Sergei Tikhanovsky,,,,,,"Belarusian opposition leader Sergei Tikhanovsky, who rallied mass protests against disputed leader Alexander Lukashenko, jailed after a trial condemned as a sham

"
296,Woman,,,,,,"Woman found guilty of murdering her partners 16-month-old toddler, Star Hobson, who died after months of abuse
 
"
297,Anne Sacoolas,,,,,,"US citizen Anne Sacoolas will face London court in January charged with causing death of Harry Dunn by dangerous driving, prosecutors say"
298,Champions League draw,,,,,,Champions League draw declared void by European footballs governing body Uefa and will be entirely redone at 14:00 GMT due to technical problem
299,One person,,,,,,"One person in the UK has died with Omicron variant of coronavirus, Prime Minister Boris Johnson confirms"
300,UK PM Boris Johnson,,,,,,"There is a tidal wave of Omicron coming,  UK PM Boris Johnson warns, as he brings forward Covid booster vaccine target to end of December

"
301,UKs,,,,,,"UKs Covid alert level raised to level four due to the spread of Omicron variant, UKs chief medical officers say"
302,governor,,,,,,"More than 70 people killed by tornadoes in US on Friday night, governor of Kentucky says"
303,UK,,,,,,"UK faces substantial wave of Omicron infections in January without further restrictions, scientists suggest"
304,Dozens,,,,,,Dozens feared dead as tornadoes hit several US states including Kentucky and Illinois
305,Michael Nesmith,,,,,,"Michael Nesmith, singer and guitarist with 1960s group The Monkees, dies aged 78"
306,Tests,,,,,,Tests of Omicron variant in UK show third Covid vaccine booster dose offers 75 Percent protection against symptomatic infection
307,US government,,,,,,"WikiLeaks founder Julian Assange closer to being extradited from UK to US, after US government wins case"
308,At least 54,,,,,,At least 54 killed and more than 100 injured after truck packed with people crashes in Mexico
309,UK Prime Minister Boris Johnson,,,,,,UK Prime Minister Boris Johnson and his wife Carrie announce birth of healthy baby girl
310,People,,,,,,"People asked to work from home and face masks to be worn in more places, as part of Plan B restrictions for England announced by Prime Minister Boris Johnson

"
311,I,,,,,,"@BBCPolitics  I will regret those remarks for the rest of my days  

Allegra Stratton gives a tearful statement as she resigns as government adviser, after she was seen in video joking about lockdown Christmas party at No 10
"
312,UK government spokeswoman Allegra Stratton,,,,,,"UK government spokeswoman Allegra Stratton resigns after she was seen in video joking about lockdown Christmas party in Downing Street 

"
313,Chief,,,,,,"Chief of Defence Staff Gen Bipin Rawat, his wife and 11 others were travelling in a helicopter that came down in hills near Coonoor

"
314,Indias top military commander,,,,,,"Indias top military commander dies in helicopter crash in south of the country

"
315,I,,,,,,"I was also furious to see that clip 

UK Prime Minister Boris Johnson begins  by addressing the video of Downing Street staff joking about a Christmas party -  I understand and share the anger,  he says, but adds  no Covid rules were broken 

"
316,UK Prime Minister Boris Johnson,,,,,,UK Prime Minister Boris Johnson apologises for video where staff joked about lockdown Christmas party and orders inquiry into whether rules were broken
317,Suspect,,,,,,Suspect linked to murder of journalist Jamal Khashoggi arrested while trying to board a plane in France
318,US,,,,,,US announces diplomatic boycott of Chinas 2022 Winter Olympics in Beijing
319,Ousted Myanmar leader Aung San Suu Kyi,,,,,,"Ousted Myanmar leader Aung San Suu Kyi sentenced to four years in prison

"
320,UK government,,,,,,"Killing of Arthur Labinjo-Hughes to be subject of national review to protect other children from such evil crimes, UK government says"
321,they,,,,,,"Parents of boy suspected of killing four students at a US high school charged with involuntary manslaughter, alleging several negligent actions they took"
322,Father,,,,,,Father of six-year-old Arthur Labinjo-Hughes is jailed for 21 years and his partner for a minimum of 29 years over his torture and killing
323,Germany,,,,,,"Germany to ban unvaccinated people from large parts of public life, including many shops and events, Chancellor Angela Merkel says

"
324,Meghan,,,,,,"Meghan, Duchess of Sussex, wins latest stage in privacy fight against Mail on Sunday publisher over publication of her personal letter to her father"
325,MI6 chief,,,,,,MI6 chief warns of Chinese  debt traps and data traps  and denies fall of Kabul was intelligence failure in first live broadcast interview
326,Twitter co-founder Jack Dorsey,,,,,,"Twitter co-founder Jack Dorsey expected to step down as chief executive, media reports say"
327,Covid booster jabs,,,,,,"Covid booster jabs should be offered to all UK over-18s as part of efforts to tackle new variant Omicron, government advisers say"
328,health officials,,,,,,"Third case of Omicron coronavirus variant identified in UK, health officials say, with more likely to be found in the coming days"
329,Obituary,,,,,,"Obituary: Sir Frank Williams, Formula 1 icon and one of greatest team owners 

"
330,1 legend Sir Frank Williams,,,,,,"Formula 1 legend Sir Frank Williams, whose team became one of the most successful in the sport, has died"
331,Two people,,,,,,"Two people in the UK have been found to be infected with the new Covid variant, Omicron, health secretary says

"
332,Obituary,,,,,,"Obituary: Stephen Sondheim, legendary US composer and lyricist who became a giant of musical theatre

"
333,her father,,,,,,"Kurdish woman named Maryam, 24, is first victim of mass drowning in Channel to be identified, as her father in Iraq tells BBC of his grief"
334,US,,,,,,"US to restrict travel from South Africa and seven other African countries because of new coronavirus variant concerns

Latest"
335,New variant,,,,,,"New variant of concern, named Omicron by World Health Organization, has been identified in South Africa, Botswana, Belgium, Hong Kong and Israel

"
336,Preliminary evidence,,,,,,"Preliminary evidence suggests new Covid variant B.1.1.529 carries higher risk of reinfection than other variants, World Health Organization says
"
337,European Union,,,,,,"European Union recommends member states suspend all air travel from southern African countries affected by new Covid variant 

"
338,France,,,,,,France cancels high-level migrant talks in protest at letter published by UK PM Boris Johnson
339,Travellers,,,,,,Travellers arriving into UK from several southern African countries will have to quarantine amid warnings over a new Covid variant
340,Death toll,,,,,,"Death toll in fire at Siberian coal mine rises to 52, as rescue operation turns into tragedy, Russian media reports"
341,Five people,,,,,,"Five people have been arrested following the death of at least 27 people who died trying to cross the English Channel

Authorities have clarified the total number of people who have died

"
342,Three US men,,,,,,"Three US men are convicted in the murder of black jogger Ahmaud Arbery, who was chased and shot dead in Georgia"
343,thoughts and sympathies,,,,,,"Im shocked and appalled... by the loss of life 

Boris Johnson says  thoughts and sympathies  are with victims and their families, after many migrants drown trying to reach UK

Disaster underscores  how dangerous it is  to cross in this way, PM says

"
344,BBC,,,,,,"100 people with learning disabilities and autism in England have been held in specialist hospitals for at least 20 years, BBC learns

"
345,At least 30 migrants,,,,,,"At least 30 migrants have died while heading for the UK, after their boat sank, Head of Port of Calais Jean-Marc Puissesseau says"
346,their boat,,,,,,"Several migrants headed for UK drown in English Channel near Calais after their boat sinks, French government says"
347,France and Real Madrid footballer Karim Benzema,,,,,,France and Real Madrid footballer Karim Benzema found guilty of conspiring to blackmail former teammate with sex tape
348,I,,,,,,"Im sorry I targeted Prince Harrys ex-girlfriend, says private investigator in BBC documentary on royals relationship with the press"
349,it,,,,,,"UK energy company Bulb, which has 1.7 million customers, announces it will enter administration"
350,car,,,,,,"At least five dead and more than 40 injured, including several children, after car drove into parade in US state of Wisconsin, police say
"
351,he,,,,,,Taxi driver who survived Liverpool hospital bomb says it is a  miracle  he is alive and he is  thankful that no-one else was injured
352,US teenager Kyle Rittenhouse,,,,,,"US teenager Kyle Rittenhouse, who shot and killed two men during racial justice protests, cleared of homicide after claiming self-defence"
353,Joe Biden,,,,,,US Vice-President Kamala Harris to become first woman to be given presidential powers while Joe Biden is under anaesthesia for routine colonoscopy
354,migrants,,,,,,"Belarus leader Alexander Lukashenko accepts migrants were helped to cross into Poland but denies inviting them, in an exclusive BBC interview"
355,Austria,,,,,,Austria brings in full national lockdown and makes vaccines compulsory after new wave of Covid infections
356,Narendra Modi,,,,,,Indian PM Narendra Modi has announced the repeal of three controversial farm laws after months of protests.
357,British F - 35 fighter jet crashes,,,,,,"British F-35 fighter jet crashes during routine operation in Mediterranean - pilot ejected safely, UK Ministry of Defence says"
358,Liverpool bomber Emad Al Swealmeen,,,,,,"Liverpool bomber Emad Al Swealmeen began making purchases for his attack in April, counter terror police believe"
359,Inflation,,,,,,"Inflation in the UK, as measured by the Consumer Prices Index, hit 4.2 Percent in October - more than double the 2 Percent target"
360,US President Joe Biden,,,,,,"US President Joe Biden begins highly anticipated virtual meeting with Chinese counterpart Xi Jinping

"
361,Four men,,,,,,Four men arrested over taxi explosion outside Liverpool hospital on Sunday released from police custody
362,Police,,,,,,"Police say they believe the man killed in Sunday’s explosion outside Liverpool Womens Hospital was 32-year-old Emad Al Swealmeen

"
363,threat level,,,,,,"UK terror threat level raised to severe from substantial, meaning attack is  highly likely , in wake of Liverpool hospital blast 

"
364,An improvised explosive device,,,,,,"An improvised explosive device has been manufactured and our assumption so far is that it was built by the passenger in the taxi 

Head of Counter Terror North West Unit Russ Jackson confirms explosion in Liverpool was  a terrorist incident 

"
365,Three men,,,,,,Three men arrested under Terrorism Act after one person killed in car explosion outside Liverpool Womens Hospital
366,Glasgow,,,,,,"Glasgow has sounded the death knell for coal power 

UK PM Boris Johnson describes COP26 climate deal as a  game-changing agreement that the world needed to see 

"
367,Glasgow climate,,,,,,"Glasgow climate deal a  game-changing agreement  which sounds  the death knell for coal power , UK PM Boris Johnson says

"
368,New global climate deal,,,,,,"New global climate deal agreed at COP26 in Glasgow after last-minute wrangling over agreement on cutting coal

"
369,The husband,,,,,,The husband of British-Iranian detainee Nazanin Zaghari-Ratcliffe is ending his hunger strike after 21 days
370,Negotiators,,,,,,"Negotiators from around the world working to strike a deal as 6pm deadline to reach agreement at COP26 passes

Follow the latest developments

"
371,US journalist Danny Fenster,,,,,,"US journalist Danny Fenster sentenced to 11 years in jail by Myanmar military court

"
372,Remembrance Sunday service,,,,,,Queen to attend Remembrance Sunday service in central London following break from engagements on medical advice
373,Yorkshires chief executive Mark Arthur,,,,,,Yorkshires chief executive Mark Arthur resigns over cricket clubs response to racism experienced by former player Azeem Rafiq
374,Nelson Mandela,,,,,,"FW de Klerk - the last president of a segregated South Africa, who freed Nelson Mandela - has died aged 85

"
375,China,,,,,,"China and US pledge to work together on climate action, saying they recognise  the urgency of the climate crisis  

"
376,First draft,,,,,,"First draft of COP26 climate summit agreement published, urging countries to cut emissions to avoid temperature rises of above 1.5C


"
377,At least eight people,,,,,,At least eight people killed and many injured after crowd surge at US music festival
378,US Congress,,,,,,"US Congress passes $1tn infrastructure bill, delivering a major domestic victory for President Joe Biden"
379,Greta Thunberg,,,,,,"Climate activist Greta Thunberg labels COP26 a  failure , and tells rally of protesters the conference is a  PR exercise"
380,clinical trials,,,,,,"Experimental pill, developed by Pfizer to treat Covid, cuts risk of hospitalisation or death by 89 Percent in vulnerable adults, clinical trials suggest"
381,Yorkshire chairman Roger Hutton,,,,,,Yorkshire chairman Roger Hutton resigns over the cricket clubs response to racism experienced by former player Azeem Rafiq
382,his agent,,,,,,"Entertainer, presenter and dancer Lionel Blair has died aged 92, his agent says"
383,Yorkshire County Cricket Club,,,,,,Yorkshire County Cricket Club suspended from hosting England matches following racism allegations made by former player Azeem Rafiq
384,Conservative MP Owen Paterson,,,,,,"Conservative MP Owen Paterson, at centre of UK government lobbying row, is to resign, saying last few days have been  intolerable"
385,UK,,,,,,UK becomes first country to approve  game-changing  pill to treat symptomatic Covid in the most vulnerable patients
386,four - year,,,,,,Missing four-year-old Cleo Smith found alive in Australia more than two weeks after vanishing from remote campsite
387,Michel Platini,,,,,,"Former Fifa officials Sepp Blatter and Michel Platini charged with fraud and other offences in Switzerland

"
388,At least 80 countries,,,,,,"At least 80 countries sign up to pledge to slash emissions of methane, a major driver of climate change

"
389,Two police officers,,,,,,"Two police officers plead guilty to taking and sharing photos of the bodies of two sisters found in a London park

"
390,major deal,,,,,,"First major deal at COP26 climate summit sees 100 nations promise to end deforestation by 2030 and protect  lungs of our planet 

"
391,Queen,,,,,,"Queen urges world leaders at Glasgow COP26 climate summit to  achieve true statesmanship  and create a  safer, stabler future  for the planet

"
392,More than five million people,,,,,,"More than five million people have died of Covid-19 worldwide since start of pandemic, according to Johns Hopkins University"
393,Representatives,,,,,,"Representatives from 200 countries gather in Glasgow, Scotland, at COP26 climate conference - aiming to help solve the challenge of global warming

"
394,A number,,,,,,"A number of passengers have been injured in a crash between two trains near Salisbury, UK

"
395,Three people,,,,,,"Three people have died and one is in a critical condition in hospital after a group of paddleboarders got into difficulty in a river in south Wales

"
396,Facebook,,,,,,"Facebook changes its name to Meta in major rebrand

"
397,footballer Emiliano Sala and pilot David Ibbotson,,,,,,"Organiser of flight, in which footballer Emiliano Sala and pilot David Ibbotson died, found guilty by majority verdict of endangering safety of an aircraft

"
398,Killer,,,,,,Killer who randomly murdered sisters Nicole Smallman and Bibaa Henry in north-west London jailed for life
399,Middle - income families,,,,,,"Middle-income families in UK set to be worse off next year amid rising costs and tax rises, independent economic think tank says"
400,Historic change,,,,,,"Historic change to alcohol taxes in Britain, with cheaper sparkling wine and draught beer reduced by 3p per pint, UK Chancellor Rishi Sunak announces in Budget speech

"
401,US health experts,,,,,,"US health experts back use of Pfizer Covid vaccine for children aged five to 11, paving the way for full authorisation and rollout

"
402,they,,,,,,"Met Police will apologise to family of the two murdered sisters Bibaa Henry and Nicole Smallman, for failings in the way it responded when they were reported missing

"
403,Alec Baldwin,,,,,,Alec Baldwin says  there are no words to convey my shock and sadness  after fatal shooting of Halyna Hutchins on film set
404,Hollywood actor Alec Baldwin,,,,,,A woman has died after Hollywood actor Alec Baldwin discharged a prop gun on the set of his new film Rust - police
405,Human,,,,,,"Human remains found in Florida park are those of Brian Laundrie, missing fiancé of murdered blogger Gabby Petito, FBI confirms"
406,The Queen,,,,,,"The Queen is back at Windsor Castle and  in good spirits  after spending Wednesday night in hospital for checks, Buckingham Palace says"
407,Ali Harbi Ali,,,,,,"Ali Harbi Ali, 25, charged with murder of MP Sir David Amess and the preparation of terrorist acts

"
408,Items,,,,,,"Items of interest  linked to fiancé of murdered US blogger Gabbi Petito found in Florida park, FBI say"
409,Gunman,,,,,,"Gunman who killed 17 people in Parkland, Florida, in one of the deadliest US school shootings pleads guilty to murder, and could face the death penalty

"
410,Multiple failures,,,,,,"Multiple failures by UK police and prosecutors meant child abuse allegations against late peer Lord Janner were not properly investigated, inquiry finds"
411,Southend - on - Sea,,,,,,"UK PM Boris Johnson says Queen has agreed that Southend-on-Sea will be  accorded the city status it so clearly deserves , in honour of MP Sir David Amess, who had long campaigned for the change

"
412,UK PM Boris Johnson,,,,,,"UK PM Boris Johnson announces Southend-on-Sea will be given city status by the Queen, fulfilling a long-held ambition of the late MP Sir David Amess, who was fatally stabbed on Friday"
413,Obituary,,,,,,"Obituary: Colin Powell, from humble background to first African-American US secretary of state"
414,Colin Powell,,,,,,"Colin Powell, the first African-American US Secretary of State, has died aged 84 due to Covid complications"
415,Our hearts,,,,,,Our hearts are shattered  - the family of Essex MP Sir David Amess call on people to  set aside hatred
416,Man,,,,,,Man arrested on suspicion of murdering MP Sir David Amess - Ali Harbi Ali - is further detained under Terrorism Act
417,The fatal,,,,,,The fatal stabbing of Conservative MP Sir David Amess in Essex is declared a terrorist incident by police
418,Boris Johnson,,,,,,"He was one of the kindest, nicest, most gentle people in politics 

PM Boris Johnson pays tribute to Sir David Amess, who was killed after being stabbed in his constituency: We’ve lost today a fine public servant and a much-loved friend colleague

"
419,Obituary,,,,,,"Obituary: Sir David Amess, the prominent campaigner"
420,MP Sir David Amess,,,,,,"Conservative MP Sir David Amess dies after being stabbed at his constituency surgery in Essex, UK"
421,Aerial pictures,,,,,,"Aerial pictures show an air ambulance at the scene in Leigh-on-Sea, Essex, where Conservative MP David Amess has been stabbed"
422,MP Sir David Amess,,,,,,"Conservative MP Sir David Amess stabbed while holding constituency meeting in Leigh-on-Sea, UK, local councillors confirm"
423,David Amess,,,,,,"Stabbing reported where Conservative MP Sir David Amess was meeting constituents in Essex, UK

Police say one man has been arrested 

"
424,Many casualties,,,,,,"Many casualties feared after explosion hits Shia mosque during Friday prayers in city of Kandahar, Afghanistan"
425,their Covid PCR test,,,,,,"Around 43,000 people may have been wrongly told their Covid PCR test was negative, after being processed by one lab in Wolverhampton, UK

"
426,women,,,,,,"Police boss Philip Allott, who said women needed to be streetwise following Sarah Everards murder by police officer, resigns as North Yorkshire Police, Fire and Crime Commissioner"
427,police,,,,,,"Man who killed five people with a bow and arrow in Norway had shown signs of radicalisation, police say"
428,Man,,,,,,"Man armed with bow and arrows kills several people and injures others in southern Norway, police say"
429,Actor William Shatner,,,,,,"Actor William Shatner, 90, known for playing Captain Kirk in Star Trek, becomes the oldest person to go to space
"
430,UKs,,,,,,"UKs early Covid response was  one of the most important public health failures  the country has ever experienced, report by MPs finds
"
431,Austrias Chancellor Sebastian Kurz,,,,,,"Austrias Chancellor Sebastian Kurz resigns amid corruption probe, and proposes foreign minister as his successor

"
432,A US appeals court,,,,,,"A US appeals court reinstates Texass near total ban on abortions, two days after it was blocked in a lower court"
433,Conservative MP and former UK government minister James Brokenshire,,,,,,"Conservative MP and former UK government minister James Brokenshire, who was diagnosed with lung cancer in 2018, dies aged 53

"
434,Maria Ressa and Dmitry Muratov,,,,,,Journalists Maria Ressa and Dmitry Muratov jointly win Nobel Peace Prize for their fight to defend freedom of expression
435,UKs,,,,,,"South Africa and Brazil among 47 destinations to be moved off UKs travel red list from Monday, meaning passengers returning to England will no longer have to quarantine in a hotel 

"
436,Saudi Arabian - backed takeover of Newcastle United football club,,,,,,"Saudi Arabian-backed takeover of Newcastle United football club completed

"
437,Children,,,,,,"Children across much of Africa are to be vaccinated against malaria in a historic moment in the fight against the deadly disease

"
438,Inquiry,,,,,,"Inquiry launched into  systematic failures  that allowed Sarah Everard’s killer Wayne Couzens to continue to be police officer, UK Home Secretary Priti Patel confirms"
439,"216,000 people",,,,,,"216,000 people have been victims of sexual abuse by Catholic priests in France over last 70 years, major inquiry reveals"
440,Retail tycoons,,,,,,"Retail tycoons, foreign royals and super-rich Russians - BBC investigation uncovers secret owners of £4bn of British property"
441,Social media platforms,,,,,,"Social media platforms Facebook, WhatsApp and Instagram coming back online after six-hour outage - Facebook"
442,Social media services,,,,,,"Social media services Facebook, Whatsapp and Instagram hit by worldwide outage 

"
443,BBC investigation,,,,,,"Conservative Party donor Mohamed Amersi, who contributed to UK PM Boris Johnsons leadership campaign, involved in one of Europes biggest corruption scandals, BBC investigation discovers"
444,Fumio Kishida,,,,,,"Fumio Kishida has formally been announced as Japans new prime minister, a week after he won the race to lead the ruling party

"
445,Former UK Prime Minister Tony Blair,,,,,,"Former UK Prime Minister Tony Blair and his wife Cherie saved £312,000 in stamp duty when buying a £6.45m London townhouse by buying an offshore company which owned the house, leaked documents from the Pandora Papers show

"
446,Massive data leak,,,,,,"Massive data leak, the Pandora Papers, exposes how world leaders and the super-rich are secretly buying up luxury property to hide their wealth

"
447,Petrol problems,,,,,,"Petrol problems  virtually over  in Scotland, northern England, and the Midlands - but issues persist in the South East, say retailers"
448,Sarah Everard,,,,,,"Met Police officer who murdered Sarah Everard after kidnapping and raping her under the guise of an arrest has been handed whole-life sentence

"
449,officer Wayne Couzens,,,,,,"Ex-Met Police officer Wayne Couzens handcuffed Sarah Everard and snatched her in a  false arrest  before murdering her, court told

"
450,striker Roger Hunt,,,,,,"Former Liverpool and England World Cup-winning striker Roger Hunt dies aged 83, the Premier League club announces"
451,I,,,,,,"Gloria Allred, an attorney who represented three of R. Kellys victims, says  of all the predators that I have pursued... Mr Kelly is the worst, a dangerous sexual predator 

"
452,Man,,,,,,"Man charged with murder of primary school teacher Sabina Nessa, who was killed in south-east London"
453,singer R. Kelly,,,,,,"After decades of abuse allegations, singer R. Kelly found guilty on all counts in sex trafficking trial"
454,the death,,,,,,"Police investigating the death of Sabina Nessa arrest a 38-year-old man on suspicion of murder in what they say is significant development

"
455,Top Huawei executive,,,,,,Top Huawei executive flies home to China after being freed from house arrest in Canada in a deal with US prosecutors
456,US,,,,,,"US drops extradition request and agrees deal to free top Huawei executive detained in Canada, in case that sparked major row with China"
457,38 - year man,,,,,,"38-year-old man arrested on suspicion of the murder of Sabina Nessa in south-east London, police say"
458,Compensation payments,,,,,,"Compensation payments for hundreds of civilian deaths linked to British armed forces in Afghanistan revealed, with lowest £104.17

"
459,Life expectancy,,,,,,"Life expectancy for men in the UK falls for the first time in 40 years, Office for National Statistics estimates show

The Covid-19 pandemic has seen life expectancy fall across most of Europe and the US in 2020

"
460,Man,,,,,,"Man charged with the murders of three children and a woman in Derbyshire, UK

"
461,Gabby Petito and coroner,,,,,,Body found in US national park is that of missing travel blogger Gabby Petito and coroner believes she was murdered - FBI
462,pledges,,,,,,"A decisive decade for our world  - Joe Biden pledges to work with allies in first speech to UN General Assembly as US president 

"
463,former double agent Sergei Skripal,,,,,,"Third Russian accused by UK police of involvement in 2018 attack on former double agent Sergei Skripal and his daughter Yulia in Salisbury, which left three people critically ill and one dead 

"
464,European Court,,,,,,"Russia responsible for killing Alexander Litvinenko, a former Russian spy who died of polonium poisoning in 2006 in London, European Court of Human Rights finds

"
465,Canadas Justin Trudeau,,,,,,"Canadas Justin Trudeau says  brighter days ahead  after projected win in election, but he failed to make the gains he hoped for

Follow live coverage

"
466,UKs defence,,,,,,UKs defence secretary orders investigation into data breach involving the details of dozens of Afghan interpreters
467,Covid,,,,,,"US relaxing Covid travel restrictions for fully vaccinated passengers from UK and EU, ending an 18-month ban"
468,US,,,,,,US expected to relax travel ban for passengers from UK and EU from November – follow live updates
469,John Challis,,,,,,"John Challis, best known for playing Boycie in British TV comedy Only Fools and Horses, has died aged 79"
470,France,,,,,,France recalls ambassadors from US and Australia in wake of new security pact it describes as  a stab in the back
471,US,,,,,,US admits drone strike in Kabul just before military pullout killed 10 innocent people - official tells BBCs US partner CBS News
472,Amber list,,,,,,Amber list scrapped and PCR tests no longer necessary for fully vaccinated travellers in English travel overhaul
473,Two men,,,,,,"Two men charged with murder of Belfast journalist Lyra McKee, who was shot dead in Londonderry in 2019"
474,Liz Truss,,,,,,"Liz Truss becomes new UK foreign secretary, replacing Dominic Raab
"
475,Gavin Williamson,,,,,,"Gavin Williamson, criticised for his handling of disruption to schools and exams during pandemic, loses job as UK education secretary"
476,Booster Covid,,,,,,Booster Covid jabs for over 50s and younger adults with health conditions recommended by UK government vaccine advisers
477,The world,,,,,,"The world now sees twice as many days with temperatures over 50C, BBC analysis finds

Climate change presents an increasing challenge for how we live

"
478,All 12,,,,,,"All 12 to 15-year-olds should be offered one dose of Pfizer coronavirus vaccine, UK’s chief medical officers recommend"
479,Russia ’s,,,,,,"Russia’s Daniil Medvedev beats Novak Djokovic in the US Open final, ending the Serb’s dream of a calendar Grand Slam"
480,large events,,,,,,"Vaccine passport scheme for nightclubs and large events in England will not be going ahead, Health Secretary Sajid Javid tells BBC
 
"
481,Qualifier Emma Raducanu,,,,,,Qualifier Emma Raducanu wins US Open title - first British woman to secure a Grand Slam singles victory in 44 years
482,first plane,,,,,,"Twenty years after first plane hit World Trade Center in New York, a minutes silence will shortly begin US 9/11 commemorations
"
483,they,,,,,,"Lawyers for Virginia Giuffre, who has accused Prince Andrew of sexual abuse, claim they have successfully served him with legal papers"
484,The fall,,,,,,"The fall of Afghanistan to the Taliban is likely to have  emboldened  so-called lone wolf terrorists in the UK, director general of MI5 warns"
485,match,,,,,,Englands final cricket Test match against India at Old Trafford cancelled after a number of Indias staff test positive for Covid-19
486,Emma Raducanu,,,,,,"Emma Raducanu becomes first British woman to reach a Grand Slam singles final in 44 years, with straight-set win over Greece’s Maria Sakkari at US Open"
487,MPs,,,,,,"MPs vote by 319 to 248 to increase taxes across UK from next year to help pay for NHS and social care

"
488,Emma Raducanu,,,,,,"In her first US Open, British teenager Emma Raducanu reaches semi-finals - beating Olympic champion Belinda Bencic in straight sets 

"
489,UK National Insurance rate,,,,,,"UK National Insurance rate for workers to rise by 1.25 Percent, as part of Prime Minister Boris Johnsons plans to fund health and social care in England 

"
490,her mother,,,,,,"Girls Aloud singer Sarah Harding, 39, who had breast cancer, has died, her mother says"
491,UKs,,,,,,UKs vaccine advisory body refuses to approve vaccinating healthy children aged 12-15 years old on health grounds alone
492,New Zealand Prime Minister Jacinda Ardern,,,,,,"New Zealand Prime Minister Jacinda Ardern has described the event as a  terrorist attack  by a Sri Lankan national who was under surveillance

"
493,he,,,,,,"Police in New Zealand shoot dead man after he entered an Auckland supermarket and stabbed multiple people, with at least six reported injured"
494,Abba,,,,,,"Pop legends Abba to release new music, 40 years after they split"
495,Sarah Storey,,,,,,"Sarah Storey wins 17th Paralympic gold to become Great Britains most successful Paralympian of all time

"
496,Double child killer Colin Pitchfork,,,,,,"Double child killer Colin Pitchfork released from prison, UK Ministry of Justice confirms"
497,UK media regulator Ofcom,,,,,,"UK media regulator Ofcom clears Piers Morgan over comments about Meghan, Duchess of Sussex that led to his departure from Good Morning Britain"
498,Gargantuan black hole,,,,,,Gargantuan black hole at the centre of our galaxy pictured for very first time
499,she,,,,,,"Damehood given to BBC podcast host Deborah James, days after she revealed she is receiving end-of-life care for her bowel cancer
 
"
500,Russian soldiers,,,,,,Russian soldiers caught on camera shooting unarmed Ukrainian civilians in the back in footage seen by the BBC
501,London police,,,,,,"Another 50 fines to be issued over Covid lockdown rule breaking in and around Downing Street, London police say"
502,its leaders,,,,,,"Finland must apply for Nato membership without delay, its leaders announce, after Russias invasion of Ukraine"
503,UK and Sweden,,,,,,"UK and Sweden sign mutual security deal, pledging support if either country comes under attack"
504,Queen,,,,,,"Queen pulls out of reading the Queens Speech at this years State Opening of Parliament, Buckingham Palace announces

"
505,UK opposition leader Labours Keir Starmer,,,,,,UK opposition leader Labours Keir Starmer says hell quit if given Covid fine by police
506,Sri Lankas Prime Minister Mahinda Rajapaksa,,,,,,"Sri Lankas Prime Minister Mahinda Rajapaksa resigns amid mass protests over the countrys worst economic crisis since independence

"
507,Russias President Vladimir Putin,,,,,,"Russias President Vladimir Putin apologised after his foreign minister said that Nazi leader Adolf Hitler had  Jewish blood , Israel says

"
508,Ukrainian President Zelensky,,,,,,Ukrainian President Zelensky tells UN that Russian soldiers killed and tortured  just for pleasure  as he calls on world to act
509,World ’s,,,,,,"World’s true death toll from Covid pandemic is nearly 15 million, three times the official figure, says World Health Organization"
510,UK interest rates,,,,,,"UK interest rates raised from 0.75 Percent to 1 Percent, their highest level since 2009, as Bank of England tries to tackle cost of living"
511,Historic election result,,,,,,"Historic election result in Northern Ireland as Sinn Féin wins most assembly seats for first time, pushing DUP into second place"
512,The SNP,,,,,,"The SNP finishes as biggest party in Scottish council elections - with Labour in second after the Conservatives suffer big losses

"
513,Prince Harry and Andrew,,,,,,Prince Harry and Andrew will not join other royals on Buckingham Palace balcony for Queens Platinum Jubilee celebrations
514,UK opposition leader Labours Keir Starmer,,,,,,"UK opposition leader Labours Keir Starmer investigated by police over alleged Covid breach last year

"
515,"More than 16,000 jobs",,,,,,"More than 16,000 jobs at risk as convenience store McColls collapses into administration"
516,The Sweeney,,,,,,"Dennis Waterman, star of TV shows Minder, The Sweeney and New Tricks, has died aged 74, his family says"
517,Sex Education star Ncuti Gatwa,,,,,,"Sex Education star Ncuti Gatwa will take over from Jodie Whittaker as the next Dr Who, the BBC announces

"
518,Ukraine,,,,,,Ukraine wins the Eurovision Song Contest as folk-rap group Kalush Orchestra ride a wave of public support to be crowne
519,Liverpool,,,,,,Liverpool beat Chelsea in the FA cup final at Wembley after a deadlocked game went to penalties - reaction
520,No shelling for days - Kharkivs mayor,,,,,,"No shelling for days  - Kharkivs mayor tells BBC that Russian forces have withdrawn far out from Ukraines second city

Follow live updates"
521,they,,,,,,"UK’s biggest ever lottery winners, who won £184m jackpot on a lucky dip ticket, say they now have  time to dream 
"
522,MI5 agent,,,,,,"MI5 agent used secret status to terrorise his girlfriend, including carrying out a machete attack - BBC investigation reveals"
523,Queen,,,,,,"Queen makes surprise visit to Paddington station to see completed Elizabeth line

"
524,Blackpool footballer Jake Daniels,,,,,,Blackpool footballer Jake Daniels becomes first openly gay UK male professional footballer in decades
525,UK MP,,,,,,"UK MP arrested on suspicion of sexual offences, including rape and sexual assault, over seven-year period"
526,Hundreds,,,,,,"Hundreds of Ukrainian fighters holed up in Azovstal steel plant in Mariupol for over two months have left, senior Ukrainian official says"
527,Londons Metropolitan Police,,,,,,"Londons Metropolitan Police ends investigation into lockdown parties in Downing Street

"
528,Russian soldier,,,,,,Russian soldier accused of killing unarmed Ukrainian civilian pleads guilty in first war crimes trial of the conflict
